<?xml version="1.0" encoding="UTF-8" standalone="yes"?>
<addon id="plugin.video.myrunningman" name="My Running Man" version="3.3.1" provider-name="Kuroto">
    <requires>
        <!-- <import addon="xbmc.python" version="2.25.0"/> -->
        <import addon="script.module.html5lib" />
        <import addon="script.module.requests" />
        <import addon="script.module.beautifulsoup4" />
        <import addon="script.module.resolveurl" />
    </requires>
    <extension point="xbmc.python.pluginsource" library="addon.py">
        <provides>video</provides>
    </extension>
    <extension point="xbmc.addon.metadata">
        <summary>Watch Running Man</summary>
        <description>Watch Running Man episodes from myrunningman.com</description>
        <disclaimer>This add-on is not affiliated with myrunningman.com</disclaimer>
        <platform>all</platform>
        <license>MIT</license>
    </extension>
</addon>